96228|Областная регистратура|0666100003|Одесса|
96228|Стоматологическая поликлиника · регистратура|0970087736,0949565015|Измаил|ул. Греческая, 7 (бывш. Кирова)
96228|Городская поликлиника · регистратура|0672984090,0484163540|Измаил|ул. Клушина, 6
96228|Детская поликлиника · регистратура|0484151066|Измаил|ул. Шевченко, 8
96228|Поликлиника Водников|0686170893|Измаил|ул. Адмирала Холостякова
96228|Клиника «Ваш доктор» · запись|0673030099|Измаил|ул. Адмирала Холостякова, 44
96228|Районная поликлиника · регистратура|0683068847|Измаил|пр. Незалежності, 141, угол ул. Репина
96229|Алферова|0962988744|Измаил|
96229|Унгурян Татьяна Олеговна|0966914895|Измаил|
96229|Вербицкоя (как в подборке)|0975147125|Измаил|Приём на Клушина; написание фамилии уточнить
96229|Матвеева Лучия Николаевна|0682586301|Измаил|
96229|Корнейчук Мария Геннадиевна|0671354177|Измаил|
96230|Бєліченко Максим Олександрович|0980402790|Измаил|Выезд на дом — уточнить при записи
96230|Бєліченко Тетяна Павлівна|0978373235|Измаил|
96230|Бойка Людмила Михайлівна|0673057652|Измаил|
96230|Бойкова Ірина Василівна|0978015342|Измаил|
96230|Ганжа Анастасія|0984903133|Измаил|Клиника «Ваш доктор»
96230|Карайван Олена Георгіївна|0631513443|Измаил|Выезд на дом — уточнить при записи
96230|Клименко Олена Валеріївна|0971173126|Измаил|
96230|Проценко Аурелія Павлівна|0679472132|Измаил|Клиника «Ваш доктор»
96230|Маламед Геннадий Моисеевич|0679141148|Измаил|
96230|Светлана Николаевна|0973508427|Измаил|Фамилия в подборке не указана
96230|Черная Ольга|0956837862,0660981561|Измаил|В подборке аллергологов указан другой номер; требуется уточнение
96230|Тангер В. Д.|0969148897|Измаил|
96230|Завалішина|0975378198|Измаил|
96230|Детская поликлиника · запись к педиатрам|0672984060|Измаил|ул. Шевченко, 8
96231|Городская стоматологическая поликлиника|0949565015,0484163015|Измаил|ул. Греческая, 7 (бывш. Кирова)
96231|Кожухар Маріанна|0637016455|Измаил|Детский стоматолог. «Аліна», ул. Кишинёвская, напротив «Диагност»
96231|Федченко Владислав Петрович|0981103103|Измаил|Городская стоматология и кабинет на ул. Кишинёвской
96231|Сарабейский Сергей Владимирович|0968329632|Измаил|
96231|Параскива Юрий Дмитриевич|0635359009|Измаил|Хирург-стоматолог
96246|Альфа Мед Сервіс|0984418280|Измаил|ул. Перекопской Дивизии, угол ул. Клушина
96246|Ізмаїл-Діагност · кабинет УЗИ|0660036895,0966350362|Измаил|пр. Мира, 50; адрес уточнить при записи
96246|УЗИ · Глушко|0951357006|Измаил|пр. Незалежності (бывш. Суворова)
96246|УЗИ · Летинська|0979129037|Измаил|ул. Кутузова / пр. Незалежності — уточнить кабинет
96246|Консультативно-диагностический центр|0979985108,0683068847|Измаил|пр. Незалежності, 141
96248|МРТ Водников|0935963165|Измаил|
96248|МРТ · районная больница|0970676991|Измаил|
96259|Кышлалы Сергей Ильич|0665741611|Измаил|Детский хирург
96259|Адубецкая Альбина Юрьевна|0984406321|Одесса|Хирург-стоматолог. Институт стоматологии, ул. Ришельевская, 11
96259|Заволока Владислав Анатольевич|0931216980|Измаил|Флеболог, сосудистый хирург
96259|Товмасян|0979349988|Измаил|Хирургия районной больницы
96259|Александров Дмитрий Николаевич|0973867769|Измаил|Хирург городской больницы
96259|Томев Иван Иванович|0672929451|Измаил|Хирург-онколог
96259|Шатилов|0672943179|Измаил|Районная больница, ул. Белгород-Днестровская
96259|Баталов Максім Володимирович|0966154215|Измаил|Хирург-гинеколог, Da Vinci Clinic возле горисполкома
96259|Мазур Олег Васильович|0681313068|Киев|Хирург-эндокринолог, ул. Рейтарская
96259|Заин Артур Игоревич|0955002034|Одесса|Травматолог-ортопед, хирург. Клиника Св. Екатерины
96260|Дерменджі|0673685885|Измаил|Детский ортопед. Детская поликлиника, частный приём
96260|Филипчук Виктор Васильевич|0672324813|Киев|Институт травматологии и ортопедии
96260|Баламаджи Геннадий Иванович|0975495683|Измаил|Травматолог
96260|Физор Василий Дмитриевич|0502626666|Одесса|Детский ортопед-травматолог
96260|Генадий Ильич|0965844794|Измаил|В подборке указан как «костоправ»; медицинская квалификация не подтверждена
96260|Заин Артур Игоревич|0955002034|Одесса|Травматолог-ортопед, хирург. Клиника Св. Екатерины
96261|Ігор Курілець|0631331836|Киев / Львов|Город приёма уточнить
96264|Висоцька|0973012409|Измаил|Детский кардиолог
96264|Почтаренко Ігор В'ячеславович · запись|0800750070|Измаил|Смартлаб, ул. Верхнеторговая, 56. Общая линия лаборатории
96264|Садковская Виктория Сергеевна · запись|0683068847|Измаил|Районная поликлиника, пр. Незалежності, 141
96269|Заволока Владислав Анатольевич|0931216980|Измаил|Флеболог, сосудистый хирург. Районная поликлиника
96274|Шереметьева Наталья Юрьевна|0679575950|Измаил|В подборке: ревматолог. На сайте МЦЛ указана кардиология; уточнить специализацию при записи
96283|Данилова Анастасія Вікторівна|0676014576|Измаил|Психолог, консультации по грудному вскармливанию и уходу
96283|Марина Дудник|0679254850|Измаил|
96285|Проданов Олександр Валентинович|0677293626|Измаил|
96285|Касаткіна Євгенія Олександрівна|0930199161|Измаил|Взрослый приём, клиника на ул. Хотинской
96285|Назарук Сергій Валентинович|0671325073|Измаил|Взрослые и дети от 3 лет — уточнить при записи
96285|Ион Руслан Николаевич|0973577099|Измаил|Городская поликлиника, ул. Клушина
96285|Клиника Куликова|0674802675|Одесса|Офтальмология
96291|Логопед «Зайці-LAND»|0964353909|Измаил|
96292|Женская консультация · регистратура|0962359085|Измаил|ул. Коммерческая, 111
96292|Баталов Максім Володимирович|0966154215|Измаил|Хирург-гинеколог. Da Vinci Clinic возле горисполкома
96292|Сергиенко Валентина Ивановна|0983004002,0984377237|Измаил|Кабинет «Женское здоровье», пр. Мира
96292|Данукалова Наталья Анатольевна · запись|0683068847|Измаил|Районная поликлиника, пр. Незалежності, 141
96294|Томєв Іван Іванович|0672929451|Измаил|Онколог-маммолог
96294|Маммологический кабинет|0687751565|Измаил|ул. Клушина
96295|Філіппов Олександр|0679459028|Измаил|Поликлиника Водников
96297|Басов|0506723689|Измаил|Дерматолог; детский приём уточнить
96297|Дерматология на Хотинской|0965462904|Измаил|
96297|La Vita · Надежда|0989717877|Измаил|пр. Мира; косметолог-дерматолог из Харькова по подборке
96297|Билич Светлана Петровна|0982644240|Измаил|Дерматолог; детский приём уточнить
96301|La Vita · врач-косметолог|0989717877|Измаил|пр. Мира; специальность указана в подборке
96304|Эндокринолог · запись в диагностический центр|0683068847|Измаил|пр. Незалежності, угол ул. Репина
96304|Денис Васильевич · запись|0673030099|Измаил|Клиника «Ваш доктор»
96304|Тропанец Мария Ивановна · запись|0979129037|Измаил|
96304|Лиля Анатольевна|0682924268|Измаил|Районная поликлиника
96304|Мазур Олег Васильович|0681313068|Киев|Хирург-эндокринолог, ул. Рейтарская
96305|Стоянов Евгений Васильевич|0962309866|Измаил|пр. Незалежності, 141А (бывш. Суворова), угол ул. Репина
96305|Бушуева Ольга Дмитриевна|0977632445|Измаил|Районная больница
96305|Ирина Алексеевна|0962226464|Измаил|Фамилия в подборке не указана
96305|Иманова Елена Юрьевна|0968793411|Измаил|
96305|Детский гастроэнтеролог · запись|0673030099|Измаил|Клиника «Ваш доктор»
96305|Гонта Ирина|0677472375|Одесса|Областная больница
96306|Шамрай Н. В.|0983756567|Измаил|
96307|Филипов Александр Иванович|0679459028|Измаил|В подборке также указан в урологии; специализацию уточнить
96307|Старова Евгения|0939917385|Измаил|
96307|Рыкова Елена Владимировна|0974399012|Измаил|
96310|Заворотнюк Павло Федорович|0671616169|Измаил|
96311|Чорна Ольга Олексіївна|0680981561|Измаил|Альфа Мед Сервіс. В подборке педиатров другой номер; требуется уточнение
96315|Любовь Васильевна|0989277518|Измаил|Нарколог
96319|Поликлиника · регистратура|0689549674|Килия|
96319|Поликлиника · приёмная|0676070215|Килия|
96319|Степаненко Л. І.|0975767128|Килия|Семейный врач
96319|Зиневич Р. А.|0677282682|Килия|Семейный врач
96319|Влаєв Д. Д.|0968444035|Килия|Семейный врач
96319|Семенова В. П.|0638962052|Килия|Семейный врач
96319|Ставська І. А.|0678705446|Килия|Семейный врач
96319|Гуцулюк Л. П.|0680646187|Килия|Семейный врач
96319|Солойденко А. К.|0966842838|Килия|Семейный врач
96319|Корнієнко С. П.|0671317675|Килия|Семейный врач
96319|Присеченко Л. І.|0965818584|Килия|Семейный врач
96319|Барба К. О.|0731306475|Килия|Семейный врач
96319|Приліпова В. П.|0961747387|Килия|Семейный врач
96319|Станєва Н. О.|0973193057|Шевченково|Семейный врач
96319|Городніченко Т. В.|0975111381|Шевченково|Семейный врач
96319|Шкурина Т. В.|0974030735|Шевченково|Семейный врач
96319|Порхун Н. І.|0965380390|Вилково|Семейный врач
96319|Ткаченко Л. В.|0970456061|Вилково|Семейный врач
96319|Сухова-Волкова Г. Я.|0631834237|Вилково|Семейный врач
96319|Монастирська В. Д.|0677683656|Вилково|Семейный врач
96319|Гнатюк Л. Д.|0986235755|Вилково|Семейный врач
20125|Маслєніков Даніїл Олександрович|0968079605|Измаил|ул. Молодёжная, 106; выезд на дом уточнить
20125|Дєчєва Валентина Василівна|0984258160|Измаил|
20125|Мельников Михаил Вячеславович|0967638730|Измаил|Приём по записи
20125|Стойков Стоян Геннадиевич|0959385725|Измаил|
20125|Ольга Гыска|0984133965|Измаил|
20125|Акт Василий Васильевич|0971169271|Измаил|
20125|«Ушки на макушке» · Кудинов Евгений|0971248971|Измаил|Общий номер кабинета из подборки
20125|Кудинова Екатерина|0971248961|Измаил|
20125|VetAleX · ветклиника и лаборатория|0971787928|Измаил|
20125|Zooline · ветклиника|0736607682|Измаил|
20125|Андрей · ветеринар|0676607682|Измаил|Фамилия в подборке не указана
20125|Бажанов Андрей Владимирович|0681991391|Измаил|Выезд на дом — уточнить при записи
96323|Антон · ветеринар|0968701211|Татарбунары|
96323|Анатолий · ветеринар|0982677515|Татарбунары|
96323|Виталик · ветеринар|0987970812|Татарбунары|
96045|Парикмахер-колорист|0636686064|Измаил|Имя в подборке не указано
96045|Мастер брейдов|0982644343|Измаил|Цвета и стоимость уточнить при записи
96046|Юля · мастер маникюра|0635575126|Измаил|Укрепление гелем, гель-лак, коррекция
96046|Виктория · мастер маникюра|0995338311|Измаил|Наращивание, покрытие, коррекция, дизайн
96049|Грекова Валентина Іванівна|0986598329|Измаил|Детский массаж
96049|Смирнова Алла Володимирівна|0671779058,0686873319|Измаил|Детский массаж
96049|Анастасия · «Дельта»|0966367170|Измаил|Массаж. пр. Мира, 25-Б
96054|Access Bars / Facelift|0680542166|Измаил|Немедицинская практика. Имя в подборке не указано
